{
    "loss": 3.414133310317993,
    "accuracy": 0.5603448152542114
}